{"key": {"layout": "a-b-c-n-d-k", "parts": [313, 105, 362, 1, 1, 1], "string": "313-105-362-1-1-1"}, "solution": {"abc": [313, 105, 362], "\u03b2": 3, "families": [[[1, 2], [1, 2]], [[1, 2], [1, 2]]], "r": {"square": [1, 1], "exact": [1, 1, 1], "approx": 1.0}}, "lattice": [[13.45362404707371, 0.0], [-6.726812023536855, 11.651180197731044]], "meta": {"layer": [{"cart": {"approx": [[0.9662823901213162, 0.2574846452537247], [-0.706129438934808, 0.7080827744477429]]}, "frac": {"approx": [[0.08287292817679558, 0.022099447513812154], [-0.022099447513812154, 0.06077348066298342]]}}, {"cart": {"approx": [[0.706129438934808, 0.7080827744477429], [-0.9662823901213162, 0.2574846452537247]]}, "frac": {"approx": [[0.08287292817679558, 0.06077348066298342], [-0.06077348066298342, 0.022099447513812154]]}}], "coeff": [[[11, -4], [4, 15]], [[4, -11], [11, 15]]], "volume": [181, 181]}}