{"key": {"layout": "a-b-c-n-d-k", "parts": [167, 80, 217, 1, 1, 1], "string": "167-80-217-1-1-1"}, "solution": {"abc": [167, 80, 217], "\u03b2": 3, "families": [[[1, 2], [1, 2]], [[1, 2], [1, 2]]], "r": {"square": [1, 1], "exact": [1, 1, 1], "approx": 1.0}}, "lattice": [[14.730919862656235, 0.0], [-7.365459931328117, 12.757350822173073]], "meta": {"layer": [{"cart": {"approx": [[0.9843241382880894, 0.1763689053756646], [-0.6449020216370241, 0.76426525662788]]}, "frac": {"approx": [[0.07373271889400922, 0.013824884792626729], [-0.013824884792626729, 0.059907834101382486]]}}, {"cart": {"approx": [[0.6449020216370241, 0.76426525662788], [-0.9843241382880894, 0.1763689053756646]]}, "frac": {"approx": [[0.07373271889400922, 0.059907834101382486], [-0.059907834101382486, 0.013824884792626729]]}}], "coeff": [[[13, -3], [3, 16]], [[3, -13], [13, 16]]], "volume": [217, 217]}}