{"key": {"layout": "a-b-c-n-d-k", "parts": [59, 40, 91, 1, 1, 1], "string": "59-40-91-1-1-1"}, "solution": {"abc": [59, 40, 91], "\u03b2": 3, "families": [[[1, 2], [1, 2]], [[1, 2], [1, 2]]], "r": {"square": [1, 1], "exact": [1, 1, 1], "approx": 1.0}}, "lattice": [[9.539392014169456, 0.0], [-4.769696007084728, 8.261355820929152]], "meta": {"layer": [{"cart": {"approx": [[0.9958705948858224, 0.09078412990032037], [-0.5765566601970551, 0.8170571691028833]]}, "frac": {"approx": [[0.10989010989010989, 0.01098901098901099], [-0.01098901098901099, 0.0989010989010989]]}}, {"cart": {"approx": [[0.5765566601970551, 0.8170571691028833], [-0.9958705948858224, 0.09078412990032037]]}, "frac": {"approx": [[0.10989010989010989, 0.0989010989010989], [-0.0989010989010989, 0.01098901098901099]]}}], "coeff": [[[9, -1], [1, 10]], [[1, -9], [9, 10]]], "volume": [91, 91]}}