{"key": {"layout": "a-b-c-n-d-k", "parts": [419, 29, 422, 1, 1, 1], "string": "419-29-422-1-1-1"}, "solution": {"abc": [419, 29, 422], "\u03b2": 3, "families": [[[1, 2], [1, 2]], [[1, 2], [1, 2]]], "r": {"square": [1, 1], "exact": [1, 1, 1], "approx": 1.0}}, "lattice": [[14.52583904633395, 0.0], [-7.262919523166975, 12.579745625409124]], "meta": {"layer": [{"cart": {"approx": [[0.5507427126572114, 0.8346750651930225], [-0.9982211666911956, 0.059619647513787316]]}, "frac": {"approx": [[0.07109004739336493, 0.06635071090047394], [-0.06635071090047394, 0.004739336492890996]]}}, {"cart": {"approx": [[0.44747845403398423, 0.8942947127068098], [-0.9982211666911956, -0.059619647513787316]]}, "frac": {"approx": [[0.06635071090047394, 0.07109004739336493], [-0.07109004739336493, -0.004739336492890996]]}}], "coeff": [[[1, -14], [14, 15]], [[-1, -15], [15, 14]]], "volume": [211, 211]}}