{"key": {"layout": "a-b-c-n-d-k", "parts": [239, 175, 386, 1, 1, 1], "string": "239-175-386-1-1-1"}, "solution": {"abc": [239, 175, 386], "\u03b2": 3, "families": [[[1, 2], [1, 2]], [[1, 2], [1, 2]]], "r": {"square": [1, 1], "exact": [1, 1, 1], "approx": 1.0}}, "lattice": [[13.892443989449804, 0.0], [-6.946221994724902, 12.031209415515965]], "meta": {"layer": [{"cart": {"approx": [[0.8997696884358681, -0.43636510833477593], [-0.07198157507486945, 0.9974059619080593]]}, "frac": {"approx": [[0.046632124352331605, -0.03626943005181347], [0.03626943005181347, 0.08290155440414508]]}}, {"cart": {"approx": [[0.8997696884358681, 0.43636510833477593], [-0.8277881133609987, 0.5610408535732834]]}, "frac": {"approx": [[0.08290155440414508, 0.03626943005181347], [-0.03626943005181347, 0.046632124352331605]]}}], "coeff": [[[16, 7], [-7, 9]], [[9, -7], [7, 16]]], "volume": [193, 193]}}