{"key": {"layout": "a-b-c-n-d-k", "parts": [311, 25, 314, 1, 1, 1], "string": "311-25-314-1-1-1"}, "solution": {"abc": [311, 25, 314], "\u03b2": 3, "families": [[[1, 2], [1, 2]], [[1, 2], [1, 2]]], "r": {"square": [1, 1], "exact": [1, 1, 1], "approx": 1.0}}, "lattice": [[12.529964086141668, 0.0], [-6.264982043070834, 10.851267207105353]], "meta": {"layer": [{"cart": {"approx": [[0.5586608191273355, 0.8293962196513646], [-0.9976086055845277, 0.0691163516376137]]}, "frac": {"approx": [[0.08280254777070063, 0.07643312101910828], [-0.07643312101910828, 0.006369426751592357]]}}, {"cart": {"approx": [[0.4389477864571922, 0.8985125712889782], [-0.9976086055845277, -0.0691163516376137]]}, "frac": {"approx": [[0.07643312101910828, 0.08280254777070063], [-0.08280254777070063, -0.006369426751592357]]}}], "coeff": [[[1, -12], [12, 13]], [[-1, -13], [13, 12]]], "volume": [157, 157]}}