{"key": {"layout": "a-b-c-n-d-k", "parts": [409, 119, 458, 1, 1, 1], "string": "409-119-458-1-1-1"}, "solution": {"abc": [409, 119, 458], "\u03b2": 3, "families": [[[1, 2], [1, 2]], [[1, 2], [1, 2]]], "r": {"square": [1, 1], "exact": [1, 1, 1], "approx": 1.0}}, "lattice": [[15.132745950421556, 0.0], [-7.566372975210778, 13.105342422081156]], "meta": {"layer": [{"cart": {"approx": [[-0.7269004605005988, 0.686742834344864], [-0.23128651015928142, -0.9728856819885575]]}, "frac": {"approx": [[-0.021834061135371178, 0.05240174672489083], [-0.05240174672489083, -0.07423580786026202]]}}, {"cart": {"approx": [[-0.9581869706598802, 0.28614284764369335], [0.23128651015928142, -0.9728856819885575]]}, "frac": {"approx": [[-0.05240174672489083, 0.021834061135371178], [-0.021834061135371178, -0.07423580786026202]]}}], "coeff": [[[-17, -12], [12, -5]], [[-17, -5], [5, -12]]], "volume": [229, 229]}}