{"key": {"layout": "a-b-c-n-d-k", "parts": [479, 31, 482, 1, 1, 1], "string": "479-31-482-1-1-1"}, "solution": {"abc": [479, 31, 482], "\u03b2": 3, "families": [[[1, 2], [1, 2]], [[1, 2], [1, 2]]], "r": {"square": [1, 1], "exact": [1, 1, 1], "approx": 1.0}}, "lattice": [[15.524174696260024, 0.0], [-7.762087348130012, 13.444329659748753]], "meta": {"layer": [{"cart": {"approx": [[-0.45090963848058163, 0.8925696039667221], [-0.5475331324407062, -0.836784003718802]]}, "frac": {"approx": [[0.004149377593360996, 0.06639004149377593], [-0.06639004149377593, -0.06224066390041494]]}}, {"cart": {"approx": [[-0.5475331324407062, 0.836784003718802], [-0.45090963848058163, -0.8925696039667221]]}, "frac": {"approx": [[-0.004149377593360996, 0.06224066390041494], [-0.06224066390041494, -0.06639004149377593]]}}], "coeff": [[[-15, -16], [16, 1]], [[-16, -15], [15, -1]]], "volume": [241, 241]}}