{"key": {"layout": "a-b-c-n-d-k", "parts": [263, 23, 266, 1, 1, 1], "string": "263-23-266-1-1-1"}, "solution": {"abc": [263, 23, 266], "\u03b2": 3, "families": [[[1, 2], [1, 2]], [[1, 2], [1, 2]]], "r": {"square": [1, 1], "exact": [1, 1, 1], "approx": 1.0}}, "lattice": [[11.532562594670797, 0.0], [-5.766281297335398, 9.987492177719089]], "meta": {"layer": [{"cart": {"approx": [[-0.43355498476206, 0.901127113779166], [-0.563621480190678, -0.8260331876309022]]}, "frac": {"approx": [[0.007518796992481203, 0.09022556390977443], [-0.09022556390977443, -0.08270676691729323]]}}, {"cart": {"approx": [[-0.563621480190678, 0.8260331876309022], [-0.43355498476206, -0.901127113779166]]}, "frac": {"approx": [[-0.007518796992481203, 0.08270676691729323], [-0.08270676691729323, -0.09022556390977443]]}}], "coeff": [[[-11, -12], [12, 1]], [[-12, -11], [11, -1]]], "volume": [133, 133]}}