{"key": {"layout": "a-b-c-n-d-k", "parts": [407, 87, 434, 1, 1, 1], "string": "407-87-434-1-1-1"}, "solution": {"abc": [407, 87, 434], "\u03b2": 3, "families": [[[1, 2], [1, 2]], [[1, 2], [1, 2]]], "r": {"square": [1, 1], "exact": [1, 1, 1], "approx": 1.0}}, "lattice": [[14.730919862656235, 0.0], [-7.365459931328117, 12.757350822173073]], "meta": {"layer": [{"cart": {"approx": [[0.6449020216370241, 0.76426525662788], [-0.9843241382880894, 0.1763689053756646]]}, "frac": {"approx": [[0.07373271889400922, 0.059907834101382486], [-0.059907834101382486, 0.013824884792626729]]}}, {"cart": {"approx": [[0.3394221166510653, 0.9406341620035445], [-0.9843241382880894, -0.1763689053756646]]}, "frac": {"approx": [[0.059907834101382486, 0.07373271889400922], [-0.07373271889400922, -0.013824884792626729]]}}], "coeff": [[[3, -13], [13, 16]], [[-3, -16], [16, 13]]], "volume": [217, 217]}}