{"key": {"layout": "a-b-c-n-d-k", "parts": [277, 165, 398, 1, 1, 1], "string": "277-165-398-1-1-1"}, "solution": {"abc": [277, 165, 398], "\u03b2": 3, "families": [[[1, 2], [1, 2]], [[1, 2], [1, 2]]], "r": {"square": [1, 1], "exact": [1, 1, 1], "approx": 1.0}}, "lattice": [[14.106735979665885, 0.0], [-7.053367989832942, 12.216791722870616]], "meta": {"layer": [{"cart": {"approx": [[0.9924336870116702, 0.1227818263605087], [-0.6025490242570856, 0.7980818713433065]]}, "frac": {"approx": [[0.07537688442211055, 0.010050251256281407], [-0.010050251256281407, 0.06532663316582915]]}}, {"cart": {"approx": [[0.6025490242570856, 0.7980818713433065], [-0.9924336870116702, 0.1227818263605087]]}, "frac": {"approx": [[0.07537688442211055, 0.06532663316582915], [-0.06532663316582915, 0.010050251256281407]]}}], "coeff": [[[13, -2], [2, 15]], [[2, -13], [13, 15]]], "volume": [199, 199]}}