{"key": {"layout": "a-b-c-n-d-k", "parts": [109, 44, 133, 1, 1, 1], "string": "109-44-133-1-1-1"}, "solution": {"abc": [109, 44, 133], "\u03b2": 3, "families": [[[1, 2], [1, 2]], [[1, 2], [1, 2]]], "r": {"square": [1, 1], "exact": [1, 1, 1], "approx": 1.0}}, "lattice": [[11.532562594670797, 0.0], [-5.766281297335398, 9.987492177719089]], "meta": {"layer": [{"cart": {"approx": [[0.737043474095502, 0.6758453353343745], [-0.953820966476532, 0.3003757045930553]]}, "frac": {"approx": [[0.09774436090225563, 0.06766917293233082], [-0.06766917293233082, 0.03007518796992481]]}}, {"cart": {"approx": [[0.21677749238103, 0.9762210399274298], [-0.953820966476532, -0.3003757045930553]]}, "frac": {"approx": [[0.06766917293233082, 0.09774436090225563], [-0.09774436090225563, -0.03007518796992481]]}}], "coeff": [[[4, -9], [9, 13]], [[-4, -13], [13, 9]]], "volume": [133, 133]}}