{"key": {"layout": "a-b-c-n-d-k", "parts": [373, 187, 494, 1, 1, 1], "string": "373-187-494-1-1-1"}, "solution": {"abc": [373, 187, 494], "\u03b2": 3, "families": [[[1, 2], [1, 2]], [[1, 2], [1, 2]]], "r": {"square": [1, 1], "exact": [1, 1, 1], "approx": 1.0}}, "lattice": [[15.716233645501712, 0.0], [-7.858116822750856, 13.6106575888162]], "meta": {"layer": [{"cart": {"approx": [[-0.6362847629757777, 0.7714542762891773], [-0.3499566196366778, -0.9367659069225724]]}, "frac": {"approx": [[-0.012145748987854251, 0.05668016194331984], [-0.05668016194331984, -0.06882591093117409]]}}, {"cart": {"approx": [[-0.9862413826124555, 0.16531163063339513], [0.3499566196366778, -0.9367659069225724]]}, "frac": {"approx": [[-0.05668016194331984, 0.012145748987854251], [-0.012145748987854251, -0.06882591093117409]]}}], "coeff": [[[-17, -14], [14, -3]], [[-17, -3], [3, -14]]], "volume": [247, 247]}}