{"key": {"layout": "a-b-c-n-d-k", "parts": [191, 161, 338, 1, 1, 1], "string": "191-161-338-1-1-1"}, "solution": {"abc": [191, 161, 338], "\u03b2": 3, "families": [[[1, 2], [1, 2]], [[1, 2], [1, 2]]], "r": {"square": [1, 1], "exact": [1, 1, 1], "approx": 1.0}}, "lattice": [[13.0, 0.0], [-6.5, 11.258330249197702]], "meta": {"layer": [{"cart": {"approx": [[-0.038461538461538464, 0.9992600812897369], [-0.8461538461538461, -0.532938710021193]]}, "frac": {"approx": [[0.04142011834319527, 0.08875739644970414], [-0.08875739644970414, -0.047337278106508875]]}}, {"cart": {"approx": [[-0.8461538461538461, 0.532938710021193], [-0.038461538461538464, -0.9992600812897369]]}, "frac": {"approx": [[-0.04142011834319527, 0.047337278106508875], [-0.047337278106508875, -0.08875739644970414]]}}], "coeff": [[[-8, -15], [15, 7]], [[-15, -8], [8, -7]]], "volume": [169, 169]}}